scenario_id,P80,fines_frac,oversize_frac,R95,R50_fines,R50_oversize
0,85.46484990112486,0.1705128962980662,0.021971394474723425,1150.6697474333896,1065.9508237410464,454.1848642780844
1,109.2799061020834,0.05198847260229562,0.12774889837712833,166.54625945091072,176.13241609139163,80.59161719412924
2,73.33124560865483,0.3006445562457564,0.010822356701197012,1824.9959402723587,1497.813940783091,735.4989126057988
3,162.3837644533015,0.004926880499686127,0.5360093219782688,713.6548837860046,886.5630220226778,405.2794188735775
4,108.31597207202381,0.07766039642542709,0.08571916367238287,189.45163731898225,198.13004470939754,83.95688577037977
5,193.1973694541004,0.0010808040851256848,0.7225000609363067,407.9798584636824,604.5575401025436,244.03629340932508
6,202.31166842314707,0.001038073995823915,0.7827277927727214,555.5931761043448,820.6587264672282,348.6878660875258
7,252.94884024157452,0.0002988553830259639,0.926417282668353,66.52285127118776,115.7836675949048,44.63390959363884
8,194.4398751709107,0.0014604400124197806,0.7574736037942728,401.3294969640013,576.3721669969875,248.52390402717668
9,147.1546623005299,0.00844283650681941,0.39922709482681606,804.3191557703544,971.7317342147312,443.68732231403214
10,90.0526045403946,0.17849799936656383,0.028230293676605595,1484.3891211930131,1422.481396025838,603.0970827551644
11,180.88374496998915,0.0033303568647520066,0.6981594939497706,98.19467474569406,138.11605289664604,58.710146157408616
12,101.64878278569928,0.11360106010730674,0.0534048331076032,1322.8405748447208,1353.2314181654385,555.581583747949
13,220.90921153324115,0.0010725769676764583,0.8604585944098424,523.7446112110347,781.4977854429773,347.2408576646526
14,86.2129414594341,0.14680710550205758,0.0211719882670997,163.98754245970142,154.25431103454034,65.29293727394091
15,152.21277034494076,0.005378366931627513,0.44922124250791146,519.3667438935728,647.2084959929109,287.72133071254757
16,202.19509635290194,0.0010613407129306486,0.7944563348040505,34.32030336060666,54.135428376960455,21.23566119908985
17,74.75792144966142,0.2811739518910159,0.010862110129266916,184.0141311601554,154.32961856595227,73.26425325462753
18,219.91132473056663,0.0007134539662933555,0.8619877791673686,31.536335277801918,52.10034073731316,20.04531881402828
19,230.61205186966646,0.0005097388659496268,0.8900892442747199,47.03092994209606,76.81847728070927,30.274672819557292
20,82.5432392510289,0.25717051894067783,0.019638521235748246,165.34467720941495,155.37614105394792,65.56405339661615
21,275.87419586829105,0.00011026447937153124,0.9420432956798672,275.7393036883517,505.96968388252697,186.4230954128268
22,187.12664888044816,0.003126760915781092,0.7408503093762455,61.22346885403086,85.19288040315237,36.26316226145267
23,226.5422010156209,0.0009793824457294004,0.8782748733196347,78.24686111052218,125.49982773019127,51.24803921290823
24,118.35223934816105,0.03023748879651777,0.1866934455246566,61.62330851983931,70.05179914757049,32.133723274390825
25,148.29232013770252,0.010624662672817699,0.4598751569315688,48.07589813144293,60.486833712652945,26.551712388134522
26,89.01749680605427,0.1921219513823345,0.03271679697516416,228.6080322395449,220.47039729299263,92.79006821544462
27,185.7230133752298,0.003777593043588306,0.7282762914666793,39.43433146282116,57.01116753688145,23.487811241481655
28,82.54843986508067,0.23230455695270175,0.020264249709808037,251.06370835451415,231.75997813045572,102.21731981827263
29,115.77056808483326,0.058098851398988655,0.1453164634061123,72.42082918277276,79.62389641838061,32.62835826579146
30,146.1212026553468,0.012007966550240974,0.4319543450569046,49.43640076670651,62.62308680972317,27.533068395781815
31,112.01985472607613,0.039419383428779466,0.14399426228538664,64.31805808933669,70.59474394095822,32.868277557128806
32,118.27536703914497,0.03937727964856752,0.10063523378311222,183.53090051398044,209.35617158589267,79.58443607700515
33,69.43473589498812,0.4427122989308776,0.00785001986436387,121.52638591040143,106.20358921702474,43.21596882965074
34,256.6962834056805,0.0003820805354368383,0.933411759224636,43.8070408736832,75.03225266159954,28.96893970721244
35,321.86231823201734,5.131588728251874e-05,0.9735843239598686,343.1223976476599,687.745206796524,253.08893702921083
36,86.84009274130432,0.14385250541361033,0.023452832551368638,1112.3871973568716,999.063288234598,468.2602777708891
37,257.512739488228,0.0004145858868174743,0.9351528956439326,26.761187215501568,43.71240945064665,17.370021806905022
38,216.1904894691767,0.001156182767681923,0.8496981009077696,370.0001813005542,557.1910319095339,241.39680374321415
39,61.642530557518576,0.559614353249868,0.004002514477730099,340.39447644682343,256.9267067776738,127.28613347019532
40,191.51988515157402,0.0011796034931332924,0.7087067163234007,402.407150378825,568.7217699157779,233.22936607342882
41,87.4757209835303,0.17017659679590047,0.023946439677409143,1561.9266456670084,1463.7648070137698,634.151340441008
42,147.0683231054049,0.008893656568684141,0.44740142973048735,77.0206420565378,97.70623580756953,42.6650702697074
43,106.151196866341,0.05808939898141452,0.10431079227721768,757.2782956387367,698.7819557149364,347.6559501027161
44,140.0106217529583,0.016285434333229598,0.3480774661726061,600.1293292231925,703.116918968328,323.28502589898454
45,83.615626239247,0.08850981667740211,0.027231148671692736,1958.1898617365503,2084.37655769423,619.1550093462495
46,141.40094310889137,0.008920916996081133,0.3494018952158408,807.3583683333011,953.3218489235649,430.98150355352755
47,221.5522457110868,0.0011299163951489128,0.8651231563887486,78.74180825062854,117.25411323470301,49.61016218716757
48,215.42284413298378,0.0014646282347302079,0.8562941604837057,33.34050125774513,52.46131735549066,21.24450278921108
49,183.2451555152456,0.002036187903966681,0.6931742668133323,61.297766928444375,87.30171312492574,35.72297024354646
50,173.30844135950645,0.005836608732513263,0.6281182599609925,679.518800739421,845.0343065702751,392.74764248680225
51,93.09971843257,0.14245429813509963,0.03370275752398766,1070.8106459867581,1032.3859286770096,434.19176398904887
52,135.29243785874232,0.016085883502276976,0.32454391722319864,86.31166838568566,102.92037947691145,46.18634064658643
53,120.2163134768726,0.03641160245313005,0.19494571885412096,155.44187933087485,176.86094952811948,78.32123925231832
54,227.59098542148334,0.0006206012753143429,0.8834595971061492,49.10905625235427,82.15249540156465,31.940948703363564
55,182.03768867790419,0.003581839994034922,0.7116820869742876,96.80978472107172,131.06528200794062,56.45251945862306
56,189.9985550688712,0.002433889288199242,0.7401890449538496,422.60888038050564,576.778845868581,260.6703547577771
57,68.04955111643405,0.4204030909204367,0.006777009114601525,1368.0821008487633,1117.398751629379,489.1868377971015
58,150.92273123037154,0.010522365050749525,0.4477692492377803,545.3817022359606,667.2943953973077,305.9426818781879
59,100.37701911918415,0.06735842034259709,0.04406369989330803,91.6397238726809,98.56857290347955,35.84935998486139
60,230.21540974076993,0.0005590129275054837,0.8825798308904608,75.68996155221771,127.77459268957853,48.961428659225156
61,91.02047448578143,0.17436092227768157,0.04139530672324187,148.82568512460213,146.63821862756947,59.41695601255598
62,226.31517705306695,0.0006381443603979241,0.8834072227869747,48.74859592893387,79.37016607854588,31.165101391528083
63,155.07508517561973,0.004275832710942236,0.46644818939972954,71.31729977532962,92.57020976278912,38.25947941101884
64,72.85816434789685,0.38863475053999874,0.009233030396417525,1305.3176771612755,1092.264791227835,473.31626642614265
65,154.85278999132953,0.006684372588331255,0.48349186069092026,739.6255905768105,876.6971308106863,411.9568327351217
66,85.58793047504993,0.18182955126621939,0.022307088638324313,1611.7156030788003,1416.673728457302,696.5713593355271
67,304.55196527765395,9.498055807182702e-05,0.9705516153583507,36.190048071088974,72.21265927080593,25.690499142590657
68,161.1700372333073,0.0045943626310045085,0.5287265989676426,729.3483420075517,946.9628057395736,422.9204885842454
69,219.88259688184138,0.0008558077929757998,0.8562331705949262,77.48098682114211,116.08275374640067,47.72615395649409
70,125.25164142205976,0.024749704558606273,0.2223291848629851,648.215569951274,673.7145358409721,324.1775524642204
71,77.63652543653191,0.31012857559808354,0.013460522959493588,1760.538703943006,1554.335177947657,640.4737871770886
72,78.60135172691346,0.31545728247037425,0.016027462872065662,173.93118053207695,154.75421768057,65.93897605139765
73,129.7159521796025,0.013255180369699556,0.2552969177727619,611.1496335530785,696.6744372191348,312.48211192229496
74,183.76817959318205,0.004369468592160318,0.7115517975338999,39.51986436455921,53.99263489940099,22.767162658526885
75,171.45237241423462,0.004224018421972084,0.6372425990864542,102.95726761682403,140.63865220144606,59.69699324298782
76,96.37187796065294,0.139366811212984,0.03549692909168461,223.34703749259438,224.16045371475292,91.25565559369913
77,157.49587314785177,0.007243927546961282,0.5085585614265914,746.5925757957378,935.8094999780559,430.2666835635813
78,186.96465006991014,0.0031564246251995693,0.744942595333352,37.789292533532446,53.313824648089025,22.799786283657035
79,121.9015838053917,0.02248171565754334,0.20030313345779047,953.8121167390623,1031.282754679908,484.0942748707321
80,243.39683364981292,0.0005503468475625668,0.9152925430851754,28.93651266518384,49.217412843891694,19.03085099767015
81,114.48635703115004,0.03675196533666761,0.16373451676131173,157.07924188907185,170.20925947821755,79.21576895729964
82,197.8758562767423,0.0014033587219135781,0.7696737475200748,579.040292055723,837.771841070856,364.49375463664927
83,168.32555782472346,0.004315964106721417,0.6191266329721353,104.33830688923449,142.4438933506657,60.80373490724401
84,79.47570173151898,0.24500535548142516,0.015611979976551844,1248.0028878092805,1118.862452821188,467.2074458718641
85,92.11618272526569,0.1799459470199054,0.028682107269427173,93.97227395956143,92.5692304999195,36.76061029084236
86,81.11106370399816,0.28535402753072614,0.01978815446544418,108.24725636514357,98.760355978664,42.03678318528832
87,73.02515700859051,0.4032932639115201,0.009793469328831728,294.25539738180095,250.061312010163,109.02546369027768
88,130.25048238728556,0.02365015054327509,0.29678695373087866,56.24613510900474,66.63159091378729,29.332149685215878
89,275.0080407065768,0.00014464388685261458,0.9491037607489434,24.58635792527682,46.943280014235135,16.45696934805186
90,107.55324457866479,0.06817294343624644,0.10854029167425513,109.29067222564183,104.293464494438,49.42008265810051
91,219.5379589847224,0.0006685357512122483,0.8619764395003573,77.4718591108284,126.13282506958987,49.64466932563791
92,171.98439785883528,0.006970978096810721,0.6590983815686191,42.69160788446765,59.29105054204397,24.86948543916982
93,100.06050826108854,0.12182025718447398,0.05919241426271209,203.89603511564087,204.99291250081458,86.15004392138003
94,186.51215704636246,0.002994192196812916,0.7368449433888377,94.32921838865843,131.76039958750846,56.10412784521014
95,242.24277367006886,0.0003875279660886976,0.9087611846870235,68.83735795906044,113.72003660400398,44.591535998242755
96,104.49850051261872,0.0697958123321923,0.06339536916790449,131.53891564781173,138.35610698457876,57.664414473423875
97,76.2376178461835,0.23224406022334557,0.011389643388619888,1306.8616309164922,1148.0538037802448,484.07953162235293
98,149.17650339228126,0.007137617248677821,0.4173892687343688,519.9389537705816,598.4284001493777,274.77954810119104
99,254.18470004123662,0.00030542400694223725,0.9289419620202781,26.597428088141857,45.26308946760546,17.248740509452475
100,120.93099089659638,0.03163591849360949,0.18782957598898695,695.8273341553883,740.8697811668243,349.2177707918227
101,119.50242342906118,0.038792129884856016,0.20212492340741348,60.91794742130031,67.94667048170182,31.074983117291595
102,122.14537007446702,0.026892948025794443,0.19150068495323574,956.1517431967816,954.9614951468401,470.23368039143725
103,88.56246086983379,0.0977704319181698,0.031094579036223407,1161.9828430544208,1143.985854580808,417.16620754030083
104,90.41773735542507,0.13259903468123602,0.03289236014444521,1476.9794059197843,1395.8549414474755,607.2190160447567
105,157.50849978303893,0.006533487955957294,0.529812927591289,45.47870343889375,61.560587759238054,25.933614189080433
106,191.49978349913377,0.003141351017791521,0.7654251428590865,93.03363932191085,131.95068902289137,57.14086320920835
107,89.31446538445704,0.18621618002831367,0.030274232744301983,150.21712919022445,140.4804505812544,60.584227857151106
108,206.26216638591302,0.0015286061076125437,0.8078268244874615,550.2439236557622,735.9447439611296,341.4621486685285
109,158.75191822528342,0.004936522627333256,0.5162120143827289,71.13580740308427,92.38167127688207,38.9968495797204
110,198.30185036886704,0.0023273233652890586,0.7871015009377328,57.560271421222424,80.59543463580216,34.20141565419537
111,244.56070407438477,0.0003868250915069213,0.9191848262389428,45.293150388540205,79.25065610587842,30.216431491639618
112,97.15958827457455,0.11552953861754968,0.05405709583548227,218.70016515216244,226.5367125447359,89.55304284472138
113,73.49495514073533,0.3328014964580984,0.009671875896718241,294.75312794428186,262.9050135166056,102.73733061356086
114,300.3519278590812,8.272431525791799e-05,0.9670916021840902,22.60391921999428,47.24864608098131,15.959975622669404
115,146.85038704777574,0.011642231174205393,0.3856709100982052,552.3832853775996,620.0198347127551,289.94288446736
116,88.26164795579612,0.160451445274626,0.03544774469049227,232.93865492648797,226.71736642192062,92.54149044781421
117,87.0179958246719,0.20270925525323158,0.024023630683130192,166.1375857837715,166.04598239779435,61.386416358854895
118,95.45695116079588,0.15016283553647256,0.04593338135057128,139.85968156363634,137.77406667666105,60.02934241137783
119,172.52315143821306,0.006410866955506375,0.6494253961013391,68.06040170547394,91.80812023797434,40.00652227375082
120,201.97202976568252,0.0008107249498108864,0.7789574050189222,33.807920929163245,55.02024711806596,20.686306790226077
121,138.49906766573574,0.01157457151856368,0.34934433857773584,50.68632106029341,61.50499140568511,27.94085127942152
122,165.0388366136537,0.004512118633988525,0.5845672316508995,43.20821270023428,59.50914314164656,24.944616177115964
123,82.3934655918254,0.24836526675862874,0.021156979309016517,254.05043139210238,223.07367824542774,103.10935002505413
124,247.8778186150272,0.00048125545398825046,0.9253127815341096,69.13710752240681,115.13101534183689,46.21366025266948
125,301.7432374541059,0.00010416306784565332,0.969448984747789,36.22364209018518,71.43725888915102,26.030624040447858
126,107.65801375681144,0.05092156578175396,0.1120144390501241,1108.7543868152052,1103.93944596807,539.385031876041
127,99.62562839619676,0.10209274390992146,0.050721814990098486,211.84105979885982,220.55914155534447,89.28348837016269
128,227.22796318199954,0.0005324428925422618,0.8755354176179007,73.22040232477201,116.8974855996365,46.19190318511349
129,147.18103055353404,0.008418193724840296,0.4046675994579214,551.4945202238912,677.0796717293936,304.3117208369849
130,224.83173481408232,0.0009352986243507218,0.8757106847062153,50.400837444342,78.62949057374439,31.85602319847203
131,171.87270057191614,0.004709527007522535,0.6343387652790432,42.51950896927348,60.386274925092735,25.05879177416662
132,124.37655393424596,0.02988910751464816,0.22748847857312549,93.93004981134476,100.02467798519422,46.39215570652511
133,119.0230068850576,0.04905033021923683,0.1397498756938471,110.97327084549067,121.87620167981936,50.84608145351938
134,209.31245896457125,0.0007161077271787196,0.8119796229851383,367.30206238775264,557.3111360203309,228.27348518185335
135,184.32060272300345,0.0031371846478864592,0.722561277466944,62.39501770149763,88.28814342502075,36.91639017523089
136,185.2375948802859,0.003881652420343306,0.7413256366956851,95.84752920799953,134.3185847474074,58.57856701733381
137,102.49563810518326,0.06535928289993014,0.05947895454520788,1373.6601312490268,1400.4793439157115,581.3352530763442
138,80.44532627273189,0.27471766077117804,0.019016441851972155,172.41820407690795,158.32818379583915,64.0526987855764
139,158.43168557840613,0.006289088788310766,0.5095918804210128,501.08961000903565,599.2918636408282,277.9330143523751
140,228.2415883197929,0.0004792754405802301,0.8764709860687481,47.79697431388041,77.8581622701425,29.911965338444453
141,107.56092025100618,0.06316262536699992,0.11687172491452824,68.20534556735592,68.54458313163494,32.62803780660751
142,182.09450263992758,0.0017361804785577335,0.6683989248884726,91.3949122726133,126.36246107274481,51.166051657554796
143,98.93953846659218,0.08393842388575119,0.04168867760845716,1043.480036474833,1123.8350008624352,406.427442625042
144,175.20183949254618,0.003935168085608657,0.6599094120920608,65.90208978167767,92.42169897043472,39.05530031441914
145,169.3767393320532,0.002308864246901471,0.5623728267410932,40.472930625326796,56.39634745625501,22.477689122548295
146,72.49955719670216,0.3209128036585864,0.008451891108189653,303.25926967059985,272.5959144875774,106.85338376331151
147,194.4222924290585,0.0020894472127528005,0.760881886365575,422.87144494899286,616.7349490514454,264.34249477147995
148,97.13937639324274,0.1065633305621447,0.04590405420219293,1390.9388041787292,1365.819223003659,602.9905500954153
149,180.29096371004644,0.0049656477269165895,0.7039496257040082,40.79247297791583,57.93885938768608,23.929075457329184
150,95.38121036542447,0.15919110729568353,0.050299139259047713,144.84603678999454,145.76234340064926,59.00549421779804
151,193.94519506552766,0.0019870716007144387,0.7410137918819653,590.3452491208863,769.1259323245941,348.6329114143299
152,151.51608265228288,0.00722806539463298,0.44864757002095723,113.7712108140284,134.41932281736396,60.51317004905486
153,127.66998827704022,0.02319415865887623,0.2616495894500686,56.79880383938652,64.21986976576132,29.396450113913872
154,122.21158646739953,0.030753010798686232,0.19805092857158635,676.4059736603181,714.4671136485804,338.3965710295033
155,211.320409236614,0.0012224028736848999,0.8258961605482382,375.5912997954932,528.3838912985791,235.53134326384577
156,85.8345725428546,0.23259820303349962,0.027933488066937212,95.83627042546532,93.65532233361927,38.20271238273974
157,155.64839146371398,0.007557904533739716,0.5080505432733455,74.59475517980434,97.37727759006823,42.110397927965494
158,82.83693017790476,0.25695364244088986,0.019983390962583482,245.5475700197157,227.5688508559319,92.92370287143144
159,218.35489316877894,0.0010917060324428878,0.863151599196527,79.68288744897791,121.21255798314125,50.458504170693196
160,133.31478042944104,0.018943757782655384,0.28756816346491193,890.9043567980196,986.0155576782307,468.77690348864576
161,83.57339771024246,0.2252620437980755,0.01868446195590791,1154.0429161050051,1029.9719663937897,463.4819472847775
162,181.42896842178195,0.0033165616353574724,0.6963670049604785,443.6991749724462,594.068868695027,270.03459810165896
163,76.28278169069137,0.2649091687690067,0.01076869999095571,1339.7463810978631,1223.870208770763,484.5387618206832
164,122.00130535586356,0.024244123732486106,0.20928925135185794,58.561340091178835,66.38070040403751,30.00072120769731
165,85.32950601540847,0.25198321373932475,0.02532365854502737,98.04013859874496,96.15355967261979,38.2478472813331
166,151.8433578943841,0.007453020888009059,0.4717207194114852,47.288968061144644,61.30743521989543,25.996184229896933
167,77.60564359489386,0.22847791604108986,0.016481852240118687,1770.6176042543323,1573.0377106362782,678.6023743499976
168,165.11069590331965,0.008261540859905946,0.5916256788097216,43.960926189607015,56.643252810714934,24.288639013248332
169,170.55719475963159,0.005708303039652139,0.6463629499675628,67.75514074936909,91.53630340916072,39.60775983146083
170,264.9263775248201,0.0002146794582010041,0.9340609002629268,296.5370448401384,523.289959193929,205.14681415315255
171,157.87554340530923,0.009062339852908744,0.5339067397040408,112.54109532366432,141.72133998612512,63.50949512005456
172,109.81368370143814,0.04980604137959581,0.12996032826141057,730.6416725672425,712.6931603510054,349.7627120909161
173,194.08900765367358,0.0017675762768881674,0.7797730718681244,88.95605371692136,132.66676451904604,54.99268787730155
174,182.98885738434268,0.002741555634247723,0.7108381307036046,61.65900233133628,85.06064774870946,36.076869801482296
175,242.90442906067142,0.0004271111417507643,0.9105167462481637,27.849403884041216,45.13656367657974,17.81054804921357
176,84.45949019194919,0.17063501130909967,0.015825100172124802,108.03922530918243,103.68981332627507,40.95704072455907
177,96.07517037439906,0.12511445077706607,0.05111706262283067,85.39391752719364,86.70885134271519,37.320174011322926
178,111.25305849256453,0.054478410828925176,0.14452100078129423,105.42461558599413,111.36856451162117,51.44450572323059
179,149.14021856196143,0.013154746342575768,0.4604818860882541,78.75541835545015,98.22536271114289,43.576774987363635
180,77.37927053258326,0.19215639945148832,0.013522737285443695,1820.7906968134141,1574.9606025479836,707.0897766443554
181,133.30967196838833,0.017976435513900456,0.3145177755343308,88.06209068812595,107.07023930695524,46.517429388227946
182,101.67270589131037,0.07659456505453109,0.09247751239034167,117.36778533715534,120.07112876354518,55.927573880490854
183,88.02572788468765,0.17698655447187406,0.037776893257320726,155.07105728830288,145.46192916897925,64.68787826973072
184,67.92310095425202,0.41436201157181873,0.0072595781849353015,302.52848836494644,245.24177177399852,116.7760206435417
185,77.75078263312962,0.20441469245508156,0.012731416544336542,1799.5360085559237,1532.731846896175,743.2772365433124
186,168.28406027673978,0.006972216229563001,0.6039374540752648,105.6818498657669,131.1413742283997,58.37009232478458
187,197.7204077953201,0.0023349522195790407,0.8014350251287906,36.220120202726335,53.841607994064795,22.615013034281326
188,178.6499809927729,0.0031563596513448687,0.6800463712946934,443.1985382433688,590.507435536395,268.33518070910327
189,187.2488377729285,0.0027282857500746166,0.7238114211018363,93.29635708965169,127.31017477234026,54.49696808652544
190,193.77003223503627,0.0014450466442461154,0.7627754981772564,86.79319634879572,126.79307575805448,52.426915956528745
191,176.14987179392278,0.00323989620532419,0.6459860316971879,453.4706394598882,605.8265414016332,268.8826364343663
192,138.07169729877515,0.019002831405526197,0.3303716311929581,588.7150599559934,626.1643069858949,304.13343803282777
193,359.12426327496087,2.695456397964547e-05,0.9863213142648248,29.51943133299085,65.35070435638539,22.360927219225715
194,124.20666877967258,0.027170425096601652,0.13306801334126786,110.60333482306547,128.30555287589183,50.555530380202875
195,136.78291662995383,0.009775989779438773,0.29759614952736946,825.607849864738,905.1825479592103,419.72613721532673
196,291.3309795303281,0.00010897285205491432,0.9621681458350752,57.886174198573464,112.38175628739775,40.900740149729835
197,175.1005814962078,0.004353064584453526,0.6611501987413948,102.79558756217439,143.922070475943,60.771856872164435
198,243.88905842173114,0.00035675519027158863,0.9072729924961,455.9421782577139,729.0609521762358,305.8384136574722
199,86.99863798518182,0.1820924341192143,0.029623841526393583,247.40361281009405,238.26927413952302,101.59131827045134
200,71.37573427601434,0.38690464624162135,0.00866686911972634,1321.1138199922916,1102.6634341486763,489.5627351622036
201,177.45474550184485,0.004154627787246843,0.673415330683691,41.23047981007067,58.76112086182875,24.325782072887414
202,252.98630077761302,0.00027778076943939044,0.9261722217762131,65.61043706790977,112.57603503607992,43.269130314810425
203,103.00568296865858,0.06667634553147248,0.08416393383623143,794.9811545105931,727.7264229579013,354.5048995451302
204,211.37449617294658,0.0012435454991324135,0.8398875008174613,53.59043298469919,82.4970441847194,33.939088423097225
205,79.52281521814935,0.2944031288351674,0.01825926647676229,103.37957540822093,95.85387895043864,39.487480564581865
206,99.00744766722495,0.09937699122945752,0.04365988282133181,1426.5064986188474,1455.3740347588232,582.487703309768
207,80.07756973354468,0.24604519983884465,0.01935167053688477,246.95018327925538,221.41961114455074,97.76219607209055
208,157.2970234810227,0.005880537171800049,0.5096779308996197,44.51699317212657,55.94371848078983,24.58404609640589
209,208.33031304549164,0.0013041216729209335,0.816325482242029,559.7730005927368,828.6028297701354,359.09684425121924
210,203.39139271546318,0.0006691715551723743,0.7768306859076923,53.11407743286081,86.95151950488197,31.81900935620461
211,73.71798773529713,0.32339586174587814,0.011222367814331738,1274.948591625873,1070.4604168131102,477.0840588601438
212,92.01548001233877,0.15440062543109154,0.04585970615564965,89.66914510741299,89.8535311972701,36.30876859637158
213,92.61449443722164,0.16733119771466481,0.029785393380202665,149.8591757163922,146.4654261514502,59.60121632756517
214,182.88798882743086,0.00428531565591475,0.6745390368322903,648.7972077982164,831.9160905751337,379.0175522320582
215,82.61102697726457,0.24986139343702296,0.0175033659963866,255.25602535006414,228.21450635573402,98.67474466219379
216,70.06190160749102,0.39869978922540067,0.007112900496503344,1941.273669559886,1592.9488962784624,715.3693527390875
217,276.6854225385874,0.00016915099220925247,0.9503596752680529,24.210534706590597,43.199265171581864,16.017285571724194
218,143.58096490965124,0.016136486797800716,0.3608548531029271,575.0353096718112,626.4295131455783,297.43913197665586
219,234.1230807204614,0.00046275891682019655,0.8912962250402404,72.07972331639935,116.8670573824474,45.71241255415019
220,289.2076694377891,0.00013663186795420844,0.9635496355815356,23.350789291215737,44.14038715263627,16.36002450609979
221,195.13057075888204,0.002295263326025468,0.7661305871292017,414.2917039352877,575.2100670733741,256.7857151975111
222,88.11203529518885,0.12542742373318413,0.03155230000362218,1129.4743802969851,1088.1602208055783,455.1763643805209
223,190.85631736070172,0.0026252601815960203,0.7393086436422943,423.5866435158659,556.2805519691294,250.2684861789596
224,195.6614036757467,0.000940367922705546,0.7466135390335396,85.18792966328331,129.30819345263694,49.142992528771956
225,89.29854133408807,0.05704564954739396,0.05696726947375147,1059.1558020990633,1045.693882194779,397.73653638100035
226,156.11965463041543,0.0059043969028183384,0.4984644152584686,45.58055224861827,58.900793937335365,25.371764293157973
227,143.65325419298338,0.012771651849029867,0.39708563515627854,562.2691393753084,651.1607592829407,308.7604319276798
228,227.9896342439455,0.0007512723274023895,0.8734778163231403,502.2249021855,735.5464206604915,318.09583247653075
229,211.00753677717177,0.0009426990968787793,0.83312581634106,52.71601294130585,83.54513708364809,33.33303369374169
230,173.20248456148468,0.005466139431180307,0.6556651964778125,65.79454067532167,84.81328511039973,37.78610003510899
231,194.8705595856634,0.0012654252857935264,0.7717519659409263,56.3094888599719,86.4463106868301,34.57454923681901
232,79.97553710345642,0.24034128936138263,0.01525521469950911,172.983822891785,156.90234161493413,71.13457611233069
233,85.54318368715367,0.1979583340507958,0.025430789780596836,158.30582128936547,145.1112050190148,62.71988174783218
234,88.96743523796628,0.17853274404560515,0.025675896557889016,1122.4732778609068,1060.1309516211422,441.76482762917107
235,171.1652450974309,0.0029205009981695196,0.6107267672078197,453.66951437463786,600.2009282566786,263.1943220601755
236,206.37679848346014,0.0017699684122427764,0.8391909156161316,34.14603312561688,52.38789554918801,21.661772694238667
237,68.01127694914508,0.37374785684869943,0.006452500846329706,1408.714695397053,1146.7524824000584,513.2965861404949
238,143.0894940279978,0.012715950901647373,0.3920694753681297,126.9534222546231,158.25641926486853,68.80499788433137
239,117.35109694454984,0.03935594341668071,0.17777306868678505,61.79050431446799,65.15983204532482,30.58816722336547
240,134.81385080619958,0.015433824499944545,0.29291029101288607,887.2557334600732,1026.5706836021889,474.1596158624781
241,99.25888773186372,0.11682429263787325,0.05813507331630083,211.54237104224936,209.32469446926103,90.04321074836778
242,75.02944628461326,0.33605413142662055,0.016985726170207823,110.41793434918057,99.6438116908416,40.825453047741064
243,87.32940299262782,0.18374249523785335,0.025300936556176056,246.71962520834103,238.45768003156087,97.45870153600264
244,166.24287366225872,0.003350515184828964,0.5822354415341441,41.91079726538254,58.638789419475785,23.770617099443818
245,212.88532559149672,0.0008668920143178153,0.8231906344158431,370.38582074597684,566.3587049235499,236.49476802982326
246,134.48879381793017,0.018857964153724562,0.31006937481856095,131.74694297008242,144.56660981779302,67.21633587121191
247,81.03808261581003,0.10733892127893824,0.023776785322515655,1856.2603400031155,1783.5816126953114,645.3504265703734
248,116.96175790670168,0.028328607913032395,0.16376216011996367,691.4173846843019,723.7069816194582,339.2035938014566
249,244.3766454933045,0.00042797157666214737,0.9085450826489095,323.2361260684643,535.9506262571341,217.50370357362172
250,69.46851627264972,0.41864881391398573,0.007820946806750823,2005.9892604171193,1658.4133171571427,697.5381902745044
251,200.41920660663553,0.0015976226318849085,0.7853251061293471,585.3528602307963,839.6496989639257,365.8309887533844
252,77.95614152891527,0.2854428357040031,0.014777235356503202,265.8721126910459,227.98358308267825,106.29687203258224
253,213.39875255719696,0.0007762290078764829,0.830276941994662,516.6996277527729,748.649750332671,323.5725411235271
254,102.8531047719428,0.08914502346654131,0.06291478720189858,893.5805210825744,906.1345958770152,403.7583532695017
255,82.95582942001334,0.23347796024822481,0.023094395138025123,176.26784770769223,177.07573042300848,63.91802801827172
256,341.38012918147865,3.166745081972195e-05,0.9794952746137418,223.39680543931962,473.72439872062273,164.86303970500768
257,208.27746358711087,0.0012477187771105407,0.838903929055057,33.22930987708176,52.11297061931702,21.23519004510453
258,94.16092991350904,0.1357436442915199,0.04295840446458211,1007.47803118047,963.9540263609532,430.8086422121751
259,90.55133015517734,0.16099852559223546,0.04019943607087093,92.87091810984604,86.2699739932807,39.172883441227775
260,123.79055282452074,0.021699870569179193,0.15584575340418372,1121.4658337821356,1312.0105428345153,506.5860811171817
261,148.02010952095907,0.006410766779944626,0.4041196890813361,764.6451390921717,948.4586866695125,417.937910417063
262,204.4283053242939,0.0020250101394017734,0.8197821841890018,87.0675296452306,130.85055655493215,54.96594022052709
263,210.94585658066075,0.0013195023202589248,0.829785628189987,386.1653466182701,578.6138525058715,248.1305912150847
264,315.2262593102729,5.514593900008367e-05,0.9716060706780076,51.97637695973431,102.87672856165416,35.64243171404133
265,150.1454608414853,0.006813378130186403,0.4447418747238872,114.2420794579306,140.02878554596822,61.72771608640965
266,81.44462202740486,0.2724513109988353,0.01606796670644237,262.5547054879893,241.20111084232656,102.73140460382011
267,144.27102477263847,0.00894116484833141,0.4058044208831613,49.19131497011196,61.87571227760427,26.950026856124097
268,137.95222105309512,0.015618232592202207,0.32863135257183673,857.7717308738344,956.463675946636,455.0487865404468
269,99.12321073193301,0.1344754007643136,0.05149783956753626,212.74477852053076,218.62840443102877,84.57125234396085
270,145.0146625254856,0.012800933240620597,0.3765164694892504,579.5500696316611,701.7759043057442,317.13288791993847
271,262.8282559256963,0.00021949616301941048,0.9367788479401034,290.77654788629496,488.4101000407108,199.16725308173312
272,190.26163035486562,0.0017291080261034187,0.7543543323407934,57.3329364011337,82.04799339157913,34.46940670046022
273,87.00043289240098,0.16944571970162944,0.021255789971324827,105.22127643908736,102.04327976213713,39.19604142031438
274,89.28297570045567,0.13826062361950808,0.02477343817633522,1087.516061936393,1022.1057945965833,448.1892718781805
275,88.14786349226651,0.17643503753788942,0.02474221952938857,249.7583114861443,243.3020440155644,95.3716517279036
276,73.7793646466117,0.335207757247383,0.011933621477673715,176.70919138774423,147.22714961712356,70.08432362715973
277,205.31221294799283,0.0010472603261286616,0.8027365716286774,385.1008219629136,580.4349696233649,244.56883487053366
278,65.67343769360515,0.5160368915867435,0.005815659257609094,133.5806375144127,108.72560736567827,46.93417475948122
279,101.4202847098251,0.11182662829680791,0.068307085992314,86.00307425214089,91.93103874602683,35.093565114903406
280,83.20068488765432,0.2647634015187588,0.024629029652700963,102.69695965673615,96.29065440998842,40.82049745358855
281,194.03084842861688,0.0011632342563070858,0.7472794359794263,58.033290511325674,92.54010328225566,35.232279909759534
282,176.69525110163784,0.004022897178233891,0.6794120697510287,99.60845849908294,134.72623851282935,58.49999948132087
283,190.54122576081514,0.0009624753155025098,0.711427445801183,88.2931899192402,137.35011919127783,52.214073230072785
284,61.788315829487715,0.4223711382920698,0.002744773383386326,397.3016862310602,344.5535309251412,122.893224942125
285,87.95795410767593,0.1919366942763312,0.031356017527557796,150.86982306356498,143.5121816717283,63.57978056333928
286,108.63064837127978,0.08735532948683053,0.08257929107469496,867.8560712549648,918.8146119918358,373.8021333060978
287,183.7848829850121,0.0031774253985026755,0.7437508977939974,38.496209752941326,55.8503815189757,23.419280014272207
288,111.30866305967831,0.04108224702403301,0.14231111836099175,104.4447370881865,112.34167040891663,52.54838792982256
289,227.798294708122,0.0004034160092538069,0.8742864487499884,29.46094661487122,50.84240195398314,18.812811597931063
290,180.16601489438608,0.00248875199995119,0.6867186028450079,96.01477613269637,137.34951548803213,57.20526453331108
291,186.7593775778693,0.0031519074087993505,0.7329978145456902,431.51861217960425,586.5225982154012,268.6943920612327
292,225.18235214353442,0.000578762415113248,0.8620209819850543,75.46810850420641,119.19405963230746,46.47718114933468
293,140.77526643331703,0.011786671270263817,0.37524566941845433,123.9513263746583,147.41097829143553,65.61909786552908
294,239.05201098551473,0.0005539663378674366,0.9075910856358872,28.82219445101266,47.10461320320321,18.568759353575274
295,83.57767248723532,0.24888403370592588,0.020550331835172176,169.17132445797625,163.4081429540107,62.35934621495862
296,167.76855700263118,0.004290323868990522,0.5858440175782822,475.2582379537008,603.7198803040834,272.611588455202
297,83.25330939066279,0.2346996456872189,0.019765365050583256,1606.0039436692155,1442.0880752605729,629.0170390335331
298,192.82097530456434,0.0018719191398192082,0.7761491721824152,36.38279045220155,54.77775586679353,22.247633708782683
299,280.0497162205267,0.00015776247132902427,0.9530103041065494,395.96654500318374,701.7385246123957,283.4290068884695
300,191.81879435852738,0.002817887173366114,0.7742247921228936,37.13179215956429,54.43098537029245,23.062723389149877
301,164.0299585975927,0.005023400124535765,0.5830747549926953,42.04174534444738,53.767157245673324,23.68360154464924
302,242.8851231704553,0.00031045580748423714,0.8990254350185937,452.081963290076,735.5947736975431,297.0659936711375
303,101.95806407401804,0.08601079704161335,0.0659359790335319,130.2519324879656,139.0462355272181,55.86713494570458
304,73.80455083457478,0.39299787520467466,0.01066037162466533,191.55607957663713,163.84183805214457,70.1227050268489
305,92.86684093010015,0.14016936761468135,0.0480936336939988,90.49088784051273,89.46643487084097,37.89179231674588
306,172.7113410807628,0.004203188818586845,0.6403998411345593,104.15416016691431,144.96430698128907,60.88071228111655
307,297.3951111859613,9.761772705427361e-05,0.9661346264379885,22.627756135362784,45.528228339560116,16.079449449746406
308,108.54522682695675,0.08860226530644984,0.08592057565473292,75.80704348863678,79.97374985834067,32.7039984081062
309,179.0154501820334,0.0034514643726115987,0.6656827116103231,64.20541937278283,85.65079495557488,35.96880012805896
310,65.29370202979732,0.4815359145694957,0.00643279551035238,335.7595335789406,271.4499019693756,124.69663423330799
311,108.28827627679091,0.07470854336071411,0.08381847976557098,1276.2689885969621,1335.1998457312575,560.5021927421125
312,170.93209521417967,0.004018845655981268,0.6083188626513548,470.70546800243716,621.4218228139863,278.24308922995084
313,167.85865040020118,0.007164944758016995,0.6206401577888817,69.36376298185085,90.0170081550289,39.088340723241664
314,172.00703531638078,0.005953460035776484,0.6550729209853327,68.05233766255418,94.23386461216273,40.183944886577954
315,94.63298895632289,0.12967504915770267,0.05632461016133133,216.70482883962433,215.86842156662712,90.55232459724044
316,87.84870522942305,0.16341494768113324,0.02071287180866928,249.95050820877302,238.9883146072583,96.22308538158327
317,153.67869449240476,0.004858928830456065,0.4676119422650036,73.04312304394772,96.57074248479839,40.842512558521214
318,59.57798539941698,0.5043189297942459,0.0022920475568638013,1841.4841014853687,1527.1900006865292,555.410039560216
319,195.58144186831854,0.0018393079626003,0.761372322453753,413.21826215616016,600.8254526018906,257.26999938434744
320,77.00084040800593,0.3126208563977368,0.011289177281403953,1765.0247414237524,1546.9832419239685,662.9218428027563
321,184.71974990960607,0.0044001602999919395,0.7286769359933419,39.25819100364783,54.25368907937854,23.056564594176628
322,238.3350265137697,0.0003651830074014526,0.8882593122560888,454.78841985859486,702.110782050952,289.35928090638777
323,85.12225818053686,0.061429829349577886,0.056693341985895124,1120.556178768224,1091.6696790211836,375.1662279571366
324,168.67871708379806,0.0071823934164761535,0.6216582475501535,43.51467769678708,59.42329495151039,25.304862225367614
325,98.1148943969005,0.09689975450091998,0.039692117619548994,89.27203267868074,90.9017080826299,36.24753034869982
326,243.83112487933784,0.0003033224662603679,0.9074200306652482,44.94768312529517,78.33197466984926,29.070394801943973
327,138.42021630323447,0.012301323846311326,0.34701979504032915,51.482154064070016,61.61833984970076,27.05429784505168
328,72.4821056092607,0.38820571920593105,0.01082109808509255,113.60585793232764,98.80747815345498,42.28913164344361
329,100.87208075459472,0.09490736313090618,0.06206600812375851,135.00961966423696,137.11980102348727,59.584094592104734
330,226.15739541603867,0.000782543577559389,0.8674980549968608,505.4599890179696,737.9667299366184,320.6418398989872
331,307.7395847477429,8.685613700949697e-05,0.9712542100188205,35.477579115793525,69.8485006697217,24.786292582187183
332,233.9995269206205,0.00040601641182029606,0.8778640263346345,331.3686310971841,550.3556088400852,215.80481190338125
333,66.49339015226279,0.4184043823822609,0.005723164061117655,324.0602753139978,257.7273787789297,120.70999180159646
334,108.66233293593278,0.08344353038652927,0.09271262569438717,120.45715564175322,127.59338289548451,53.92585274620353
335,69.40129012199421,0.43336078867019784,0.00793964500078414,191.54369004933895,156.0236373259412,71.70210268774768
336,209.71009853055966,0.0007949647369417431,0.8269048267849797,32.639174434892126,52.195014442874495,20.230688269871504
337,105.84743653740333,0.0748425667928575,0.07343230329339123,1266.2649636078909,1281.4275461047234,568.3634474851983
338,92.33169588657844,0.15012477768827004,0.03718550457526657,231.84783616611927,232.2960353387018,91.36252471992185
339,87.90756835829269,0.17574589225978934,0.021234875399374915,164.23458368403493,157.45229489761456,61.895604831928125
340,116.88563896613472,0.03855159100660291,0.18017237522361684,99.62905465685131,108.42929131897687,49.721809120765364
341,202.5188552596702,0.00230823673918522,0.8192856189729504,56.33481565134506,81.50269565959708,35.05693419994376
342,81.51936295106358,0.2702326319984392,0.019793598620357553,1758.0947752668287,1582.7593193887885,691.4979488865913
343,158.9560040958126,0.003455702619082216,0.4799205147249194,727.4379487105491,965.1603441081651,412.0252319669558
344,187.6564588962999,0.0012235741410729494,0.6981216206576253,36.682035531018094,56.436016801155866,21.952841777916863
345,164.71179975505873,0.005703666240577323,0.5732605014407225,491.93876274677484,631.2806925904811,288.5423034182005
346,173.28696418407552,0.003981110410144034,0.6078134943378766,656.6828549198794,799.7314872954772,370.94053877364735
347,192.17744757631522,0.0023085989210474976,0.7504868647802214,57.538691326317924,76.44268113476707,33.43354490941904
348,145.77622648406472,0.00794830873458884,0.4024707659686187,47.52852363625468,57.85744872804038,25.287122657136916
349,63.98873377001122,0.4862178187663105,0.004489333537950068,2130.444785453126,1655.9886383566145,755.5680578458454
350,81.84158257624473,0.24891164292334286,0.016677777060874876,257.2042909436292,230.86702101526393,99.86109895388428
351,67.5282581863658,0.4764551734959486,0.006648064177992175,124.86136204686994,103.3266281229434,45.62612202762008
352,211.23419343537424,0.0010066823530575527,0.8384168639614298,81.4477612667185,127.27377362649452,51.839222962342376
353,65.56881671699433,0.46734151803889307,0.006546321961291841,123.99410973489746,99.37938942006356,45.2899720080578
354,96.64463978834615,0.12839777269675975,0.03806592155607516,90.27325884625303,91.38620581752564,36.798818511093664
355,67.56669053769335,0.4792675434479088,0.006570460181518608,312.1418483145744,257.8805481913295,115.654378070709
356,115.9578048462766,0.02732631075789421,0.15510588799114386,1021.1580596022566,1097.7784533086563,519.8406744795841
357,184.73116136750812,0.0012762029963496455,0.6785053908079965,35.82080803030338,52.2635616367981,20.429527845392695
358,90.1684184580164,0.1474677014414537,0.04476237785326714,228.48626017477116,221.53283048037403,96.11682258411753
359,91.26137704187335,0.14835688850175346,0.03286441822519651,1480.099423219097,1408.9432514332177,608.987466746744
360,231.45733008045912,0.0006338306400325409,0.9035947381385669,29.66608802837531,49.4392143394824,19.561690066858027
361,133.91205005504943,0.010513604299800805,0.26945956356461315,588.3784016382047,636.4003969503727,293.8366140511858
362,82.84885764241923,0.20546256873804428,0.02084636614645571,1648.0200269498691,1415.542229531022,702.726767303545
363,85.26947732095911,0.16230096197380128,0.019882155630061696,1196.7255905491768,1145.1219606737586,443.2589601980815
364,66.42203799544373,0.4700910900640037,0.006066799738005709,330.50948782167575,264.1943821299013,123.43112305157112
365,270.8680924769015,0.00020649616287664142,0.9419305223599126,62.2526778324639,108.30758833942218,40.90180677465468
366,80.08356184084805,0.2815996722208539,0.018217448267194458,106.46695234030183,91.83249741477199,43.374989617275354
367,253.47480907614218,0.00033502100617434366,0.9330391855029683,43.09654588472233,74.73828115973194,29.256042858469762
368,146.13868186678903,0.013368410937510908,0.37882129473047443,808.987144597288,877.8856732737322,422.78811615691126
369,149.1520327816663,0.012503368871555426,0.44934794271247047,121.99935741909508,153.10423312259564,66.87839247649364
370,102.98450944240923,0.08731480747920582,0.05555374214797659,1356.3463338440695,1390.8985711563334,569.8427693317897
371,306.03323453482903,6.149316815106564e-05,0.9634359563231772,354.1121523009421,656.8371359268726,245.40269845034018
372,159.4935983126098,0.007136786529228371,0.5244680659604422,513.7030044127908,640.4150525634262,292.6196473345925
373,173.57116458324276,0.005302921084716685,0.6581957872013159,41.70577728328048,57.114393081592105,24.27868514323775
374,126.22279750993827,0.028878429111011017,0.21522162619483082,645.017561685361,645.8364584777346,313.3304136016573
375,172.5761990682879,0.004884467255889824,0.6478547932310087,100.80421825338041,129.1765409696813,57.81757551778727
376,86.06711027969975,0.22544623849009848,0.022463246668062025,161.48125848572852,157.22271096726712,62.38850273132706
377,273.7990837573446,0.0001557216637580691,0.9423592787523,409.33670767991526,742.421834419531,285.1969915371831
378,175.8001777784061,0.003773018878842176,0.6395430105470467,468.96956784951846,636.9054773587584,280.10550061146637
379,180.72819588761658,0.0032801975569801247,0.7040826242195214,38.7331250642844,52.477569181534676,22.444976355096667
380,89.02893206767571,0.1544814259235819,0.02939554689497165,1539.0307480811691,1449.859930887458,614.1009018612589
381,70.52325828936179,0.4104327029391598,0.009284716470078697,193.22707886724163,156.2133210031431,72.26946516439139
382,106.27189275359399,0.07577297770020952,0.06756158656775071,896.0571844187169,950.4142663170597,387.41790669446516
383,75.31831004523161,0.3712179866221468,0.012085944843134749,112.2292337895887,98.32732961512781,42.27665780687252
384,81.66472644708968,0.2194497804145337,0.023491565732863425,260.6878753001669,233.17079240454095,107.48236951823584
385,78.76461020311999,0.24499536919589923,0.014367554399140309,1214.4700965516029,1060.182821207997,491.0979915007246
386,262.8857035821194,0.0002706443388168528,0.9364304069793665,41.3102118435038,68.56855195974651,26.703475233417997
387,108.68996007167186,0.05178107489831388,0.12551783474714717,162.5848099780536,164.60918148318032,77.42973429349759
388,86.76699590603302,0.1956539995825753,0.04027640525975509,97.79535852505555,97.01590719959505,40.88253284717494
389,98.4791074828917,0.10091767385934095,0.05226658240972246,972.3226013544942,927.470777269513,438.271481803451
390,129.4755965998732,0.017039309610742143,0.27746453889582073,87.60125983356194,102.84794330498238,46.38111206382964
391,149.65029274228502,0.013730116641128772,0.44944614323828574,120.70692045556144,143.8381652605795,64.32024879105998
392,156.23155700707062,0.009041083958097442,0.4958680667079881,531.4508165650108,659.2826538151107,303.8470882714081
393,278.8262453718671,0.00012212593146561273,0.9467312659027566,277.8935812166124,511.3196917619035,190.3335691964523
394,81.2063584503075,0.24446462537365285,0.020518653013447435,248.41918730929595,224.62565526907412,101.6088909093653
395,87.49236510084,0.19829470983096487,0.03490390683172192,99.6960975394018,101.983151013854,38.33328370424574
396,289.70121280353084,9.735319355392595e-05,0.9548064184651044,373.4115565592984,678.3504484073817,259.293716671834
397,121.68670568340605,0.03454725566418281,0.21629571082618054,97.06371034218574,108.89414896349419,49.378493971019815
398,215.2220383914806,0.0010760212650736854,0.8561184103983904,79.47071959886544,120.2420350622771,50.48017709293724
399,113.8803902641546,0.044264022853637314,0.1560181856748128,162.66866325224817,180.40922526610868,81.08749585818157
400,98.51744429730957,0.12911250250371123,0.0435581017294928,993.2588421296184,981.6275095566884,411.79780911054587
401,91.06402616777198,0.2035647521883768,0.033207557977569885,92.3652603621301,89.25440384886649,37.72793943657123
402,83.60880614567081,0.2665698305713306,0.02712079031141445,163.96494771368273,156.96432777150858,63.11014172435714
403,134.0791237926547,0.016804652183283805,0.2991047256119167,619.0955336480133,717.7623843976248,330.95956470848205
404,76.79541474973868,0.24700384458537683,0.01116565501654627,1838.3321789071415,1556.03993178934,732.2167154929518
405,80.07538359172588,0.28891474205678436,0.02051919451674717,173.20864809845034,160.94118351257103,67.053906207483
406,164.3208935621843,0.003943974492283801,0.5493025252336557,696.207048040594,903.8236660978353,402.23985245123004
407,149.0522140578448,0.008067638357668125,0.4047435754260798,528.655450794877,603.9655404655929,276.3376336184759
408,149.10697566807204,0.011639424184659356,0.42318153034587813,559.0050325008897,676.7999950086056,308.3938365461036
409,84.80898686827403,0.16658543494053232,0.02529238199536099,1664.2356032117293,1537.3794295887362,662.2878180463956
410,208.27621860530652,0.0009956274304219318,0.8204613595901608,369.205274590254,537.5277981009627,233.2531693332436
411,212.97818458261207,0.0009925066511777614,0.833227066268567,539.3674811722801,813.0944499773842,349.45567434191634
412,226.02856011220177,0.0006125364447016396,0.8850076570324619,30.250583240560257,50.60811422259448,19.591789911140292
413,240.94154712627886,0.0006222113476825051,0.9157855041509742,29.242697482698237,49.39780708344422,19.304500807906724
414,97.4269398014671,0.12276800177891137,0.04465436409185163,214.246063305799,213.62942971270428,92.53210478484407
415,266.41781492078144,0.0001585972703031642,0.9395683605878116,25.285363132701143,48.24987618325346,16.918546409429396
416,78.31098053216782,0.24629566230824892,0.011720023865068424,1877.738010369975,1740.7297835081688,663.7728892369424
417,99.96783003085933,0.06297569190694746,0.05510620336594418,1405.8805848325724,1417.9680706776992,597.4535157873665
418,185.6526525019223,0.003826014159734037,0.7322419778990502,96.91962853653307,136.97125742919872,58.7238533595274
419,82.54741235322271,0.19918275556520929,0.01908912440129695,103.71713018497833,99.71742360349924,38.97179463181292
420,160.50303684377835,0.00890078142521062,0.5564004845876979,112.17273945656166,144.7758756327565,63.71687918769911
421,170.58506356817313,0.005830851661022239,0.6182867432078898,103.8091287420826,131.88574859010387,58.188911190961505
422,210.60919680200558,0.0006688192448946576,0.807204085579758,532.8480927077328,827.8921714621978,335.49309475869245
423,189.409926604112,0.0027695518792037327,0.7425629543281895,37.541094819503016,52.54197465025492,22.086603397479955
424,72.0982630580322,0.3649198870066606,0.00958675961872668,118.13830187911691,100.9873001786709,45.382649628348425
425,203.32225940588737,0.0009131505605379658,0.7963800434398288,82.85385681969366,130.9085073989933,51.05973405792338
426,151.99807176423408,0.010768538107214658,0.464549184396569,47.401356063675614,56.35175664391801,25.11919230570481
427,72.50268400357483,0.36673064287089296,0.009763672327923467,1349.735927745489,1152.4783318300945,486.4938367155573
428,101.74332087189646,0.0775403082914093,0.0822325061760807,829.36773380821,792.0005832910815,385.316028761103
429,204.83995663367006,0.001071031597199757,0.7992697526309653,379.43418120134424,565.0010688975161,239.20794232136586
430,101.58076659828508,0.052516232402458174,0.06246152462039797,1443.6008413934935,1530.8840256494634,581.7489367906885
431,86.81845423501545,0.18502006052205638,0.03150684081632684,239.08550049390644,223.56293650253866,99.06938790981208
432,144.58052851224437,0.013346540880724466,0.38362122079720584,556.7776367179948,602.7149713189059,290.76647903671136
433,93.57646102717713,0.11421243464211864,0.04586042931303807,1508.3996575317638,1479.8427708597371,639.1538044910922
434,72.01062709546336,0.320340924679905,0.007037103621764976,321.5180232719139,293.4467179326092,107.34086522632909
435,195.78194456235073,0.001460697355778789,0.7651462044312689,88.39446147773708,132.37672574273492,53.25853041543766
436,135.64191127540082,0.011978646516688911,0.32385927452799734,84.19119055085226,101.41983547596618,44.679652041968644
437,172.61476561866647,0.005262248548401685,0.6593659380534768,67.03159680424396,91.45258670979615,39.46515702476512
438,64.0216698542592,0.4711764560617268,0.006511070541074243,333.10519097062604,257.6976878398164,130.30101980577967
439,71.0054329524622,0.38298398942949113,0.009046803895059765,312.11290832528783,272.1267432515357,110.48989033012731
440,310.905116736344,9.92641478374085e-05,0.9742563954704077,21.912287199343375,43.98946749912716,15.939219234157326
441,93.82590449588598,0.11016254753927579,0.057585136833063336,196.6624223433648,193.71516107536254,88.84184795511538
442,222.94409619051493,0.0009252485757203846,0.861382176086874,521.7186800317136,813.8746254973905,342.582757993118
443,198.2543324147825,0.0012643218633330456,0.7800138005536769,55.739254407970684,84.60990323057888,34.11574711063236
444,166.83985812557103,0.0025464078124921765,0.5503923183680843,452.86481002440354,572.7036037241278,244.71655176783082
445,73.87008414375897,0.29408180208936513,0.008898985643507369,1349.9789216753456,1140.7083446811857,523.0619879013211
446,111.85852936170778,0.03668307078228047,0.1449662216467344,105.51398248287978,117.37823399864529,52.974120873267964
447,83.66368698687484,0.2079059370842653,0.015734414632497473,185.21351939305822,186.14425774781893,65.15000118706676
448,84.41228357234851,0.22860570693381616,0.022890682354399325,1179.724551524768,1079.3947178102733,465.15962970937494
449,119.95458701232712,0.028600561250329563,0.18498462972413957,684.2582301055098,737.7590016272073,344.06028440326844
450,243.65539496886262,0.00034904955694896756,0.9111251875646315,455.5733283256924,741.2745425330709,311.8027169653801
451,117.3501572472835,0.04738979504179165,0.13735918904247418,801.9896589959346,888.6884939060311,366.89401699915265
452,238.2631590882683,0.0005551772697818989,0.9031458912067452,28.44817441835007,44.683745579699,18.128523131707805
453,193.68843638505726,0.0020080983465772246,0.7373088928261486,594.6664436990595,787.7878280482671,352.52261775921386
454,190.04166535326328,0.0022782828967010888,0.7611939761255332,59.26394607106807,86.79922534742755,36.20857216972887
455,211.8669090191669,0.001314895406156224,0.8446161278687564,81.0320701456836,117.03143764233823,50.12533303888608
456,250.84535318248638,0.00032197480631090237,0.9259265882489768,44.68883678697624,80.95548746492382,30.009238981131656
457,84.5951816716539,0.23310907617244178,0.02458299515745985,96.33076256525912,88.3775306140879,37.908736407907654
458,102.66349253066674,0.10278920430184982,0.07900453695422104,201.8047567312188,207.70484327514845,87.01529596398225
459,152.04231673103487,0.007784332352564326,0.49021497788706125,75.21947135656956,97.62166646788673,42.12813813581414
460,72.09418871479023,0.35568754590964896,0.01134248639456033,114.94668133092698,100.60624229909186,40.88525395455712
461,174.66416200998285,0.004822033621763919,0.6726838951238739,67.71361376335616,97.0696100493214,39.90223413341428
462,200.83627838755413,0.002340760395125923,0.8130570613869887,57.278893642214264,84.740458898081,35.73793273421217
463,218.91242261088945,0.0010104268146954422,0.8550791805540968,79.07677551211354,119.45422741776075,48.885299347835044
464,112.18034940383038,0.0696877851411135,0.10469382914550099,117.11502076789837,125.15486882413875,52.45714410260296
465,222.5808399093545,0.0006436727855277994,0.8515352793973662,346.08151745107426,507.2127817121246,214.45203544656812
466,95.00780907669797,0.14378514169041617,0.035093204427959185,145.03507981131168,143.25531285271936,59.260503706386814
467,89.98911640997935,0.16256993459405206,0.029848501489589556,1506.5938310470597,1428.4400705005248,610.8979321784741
468,162.94268900043383,0.004808292668870722,0.5317668906483214,69.67798905558612,86.78439999772884,37.76453163310304
469,92.10660449763118,0.14717370207883185,0.045711452631627986,88.95737720831579,84.98593358214268,37.371178239326966
470,152.97817212114253,0.01091859852095649,0.46141912346545966,547.1182777729916,663.3784120875277,302.60478188618663
471,66.92175501960757,0.46181860872931246,0.005278192656168979,134.6192606665012,115.33254398905905,43.67783484528559
472,162.22670051987294,0.009348045377453965,0.5798500952738694,71.64747808451665,89.97979201886785,40.04539675358268
473,272.22051372378684,0.00024140566643646115,0.9531081094083214,24.979383596333996,44.42004481228453,16.958332440947405
474,244.03294584101087,0.00040106479687825936,0.914397887931548,45.49315939403439,78.25376506496102,30.29425828434929
475,181.49968403417168,0.0025152828705333314,0.6960197133546646,61.79303860738817,88.73285159955483,37.14973772690733
476,106.09050295763574,0.052209456653075755,0.0704341566760733,923.1322492245108,971.4450060254821,394.8677512713834
477,69.02443062068448,0.442756489597797,0.007806452674421617,303.3834628120421,247.36317036278913,118.01713304716327
478,262.7464119550935,0.00028324763226269823,0.9426043502039769,42.367546508813554,76.23425991245156,28.53100959021591
479,80.75198900275004,0.18253333718940912,0.015255161494653733,1904.5413647668972,1819.1699776380012,668.7860875275334
480,74.42503110589374,0.34758468541802123,0.014529932374974481,111.33989834158108,99.61323914377391,41.163932422081835
481,204.0989976768732,0.000651429241463564,0.754820731532132,538.4756597413278,804.6221366885916,315.0881861577944
482,72.84410844919378,0.3874929398463039,0.011279213315172718,188.95549071071474,159.5042473248696,71.34258939405834
483,101.50298957108336,0.07261941064414969,0.052419244082472095,213.98150956344003,228.81492685965802,90.76786072180279
484,139.6313503958685,0.014191777815788606,0.33732907705366816,834.068792995113,900.7507724853639,435.0424370081361
485,82.15062018975496,0.25731722467416435,0.022777517820998527,104.68495799956499,91.7812611857792,42.737438754253844
486,222.06698478539386,0.0009092756129731986,0.8724726164377794,77.67393974295024,123.74324804261936,50.94535235143423
487,87.28727194740347,0.21836621145874235,0.027700133913976323,95.83075749819484,89.0689996584731,39.69000962619902
488,135.4356305014617,0.01821390125937301,0.3054680118210156,621.289735913781,720.7396805422334,331.58571697710767
489,165.6078451821449,0.00415544684240773,0.591871968183902,41.79839652161782,56.03906068223564,24.331031001778125
490,211.54292315200922,0.0011069366964795752,0.8370237120105177,80.65175935843962,118.39401358807042,49.255931060593184
491,223.43228952738667,0.0006502295815289956,0.8586151151436735,354.95286716002704,564.7066879825403,229.96427870196294
